"No.";"Name";"Time (ms)";"Timegap (ms)";"Duration";"Gaze X";"Gaze Y";"Pupil Diameter Left (mm)";"Pupil Diameter Right (mm)";"AOI"
"1";"P1a";"0";"0";"376";"441";"162";"3,45";"3,74";"-"
"2";"P1a";"399";"399";"775";"343";"117";"3,46";"3,79";"01_re_battered"
"3";"P1a";"1198";"798";"634";"821";"155";"3,55";"3,79";"-"
"4";"P1a";"1855";"657";"423";"1280";"119";"3,72";"3,95";"-"
"5";"P1a";"2301";"446";"258";"1533";"109";"4,22";"3,69";"-"
"6";"P1a";"2583";"282";"164";"1433";"75";"8,37";"3,66";"-"
"7";"P1a";"2771";"188";"892";"1483";"112";"4,2";"3,87";"-"
"8";"P1a";"3734";"963";"376";"236";"205";"3,59";"4,27";"04_re_was"
"9";"P1a";"4203";"470";"305";"344";"228";"3,32";"3,67";"-"
"10";"P1a";"4532";"329";"564";"578";"339";"3,42";"3,74";"11_re_everyone"
"11";"P1a";"5119";"587";"493";"815";"235";"3,64";"4,15";"-"
"12";"P1a";"5636";"517";"399";"1225";"247";"3,66";"3,8";"-"
"13";"P1a";"6058";"423";"164";"1410";"203";"3,66";"3,72";"07_re_been"
"14";"P1a";"6270";"211";"540";"309";"263";"3,56";"4,11";"-"
"15";"P1a";"6927";"657";"446";"441";"277";"3,4";"3,72";"-"
"16";"P1a";"7397";"470";"211";"701";"321";"3,59";"3,79";"-"
"17";"P1a";"7749";"352";"728";"639";"333";"3,5";"3,82";"-"
"18";"P1a";"8500";"751";"845";"999";"446";"3,77";"3,9";"-"
"19";"P1a";"9369";"869";"446";"1232";"319";"3,77";"3,9";"13_re_when"
"20";"P1a";"9839";"470";"141";"1439";"313";"3,63";"3,63";"-"
"21";"P1a";"10027";"188";"493";"325";"344";"3,5";"3,95";"-"
"22";"P1a";"10543";"517";"117";"617";"372";"3,51";"3,67";"-"
"23";"P1a";"10778";"235";"305";"700";"439";"3,37";"3,71";"-"
"24";"P1a";"11107";"329";"517";"1045";"388";"3,64";"3,61";"-"
"25";"P1a";"11741";"634";"517";"1309";"384";"3,43";"3,45";"-"
"26";"P1a";"12304";"564";"916";"334";"435";"3,4";"3,98";"14_re_at"
"27";"P1a";"13243";"939";"1010";"699";"445";"3,38";"3,66";"-"
"28";"P1a";"14371";"1127";"1221";"957";"451";"3,43";"3,66";"-"
"29";"P1a";"15615";"1245";"399";"1333";"416";"3,46";"3,53";"17_re_ground"
"30";"P1a";"16061";"446";"446";"251";"464";"3,45";"3,95";"-"
"31";"P1a";"16719";"657";"775";"486";"495";"3,51";"3,64";"-"
"32";"P1a";"17517";"798";"470";"884";"504";"3,43";"3,66";"-"
"33";"P1a";"18010";"493";"399";"1153";"492";"3,46";"3,59";"-"
"34";"P1a";"18456";"446";"423";"294";"545";"3,32";"3,82";"-"
"35";"P1a";"19043";"587";"376";"524";"534";"3,66";"3,72";"22_re_withdrew"
"36";"P1a";"19443";"399";"611";"847";"569";"3,53";"3,79";"-"
"37";"P1a";"20077";"634";"282";"1279";"548";"3,59";"3,64";"-"
"38";"P1a";"20382";"305";"258";"1463";"516";"3,4";"3,29";"-"
"39";"P1a";"20711";"329";"352";"251";"598";"3,21";"3,83";"-"
"40";"P1a";"21251";"540";"446";"387";"575";"3,58";"3,66";"-"
"41";"P1a";"21720";"470";"470";"699";"630";"3,29";"3,79";"-"
"42";"P1a";"22378";"657";"657";"1106";"598";"3,51";"3,53";"27_re_her"
"43";"P1a";"23200";"822";"423";"1363";"574";"3,77";"3,21";"24_re_with"
"44";"P1a";"23693";"493";"564";"348";"685";"3,18";"3,75";"-"
"45";"P1a";"24280";"587";"446";"776";"709";"3,3";"3,61";"-"
"46";"P1a";"24749";"470";"587";"1188";"697";"3,45";"3,69";"31_re_had"
"47";"P1a";"25383";"634";"869";"449";"757";"3,53";"3,85";"32_re_her"
"48";"P1a";"26276";"892";"211";"668";"766";"3,48";"3,79";"-"
"1";"P2";"0";"0";"352";"750";"513";"2,81";"2,69";"-"
"2";"P2";"376";"376";"822";"335";"112";"2,74";"2,86";"01_re_battered"
"3";"P2";"1221";"845";"587";"633";"137";"2,71";"2,84";"-"
"4";"P2";"1832";"611";"845";"1072";"167";"3,1";"3,11";"06_re_destination"
"5";"P2";"2700";"869";"470";"1376";"153";"3,45";"3,26";"-"
"6";"P2";"3217";"517";"1127";"300";"203";"3,32";"3,45";"-"
"7";"P2";"4368";"1151";"963";"713";"245";"3,21";"3,05";"-"
"8";"P2";"5354";"986";"681";"1129";"231";"3,4";"3,14";"-"
"9";"P2";"6058";"704";"470";"1395";"232";"3,37";"3,18";"-"
"10";"P2";"6575";"517";"352";"290";"255";"3,53";"3,5";"-"
"11";"P2";"6950";"376";"845";"373";"288";"3,3";"3,32";"-"
"12";"P2";"7819";"869";"493";"729";"297";"3,03";"2,86";"-"
"13";"P2";"8336";"517";"188";"923";"445";"2,9";"2,82";"-"
"14";"P2";"8547";"211";"1033";"1040";"292";"2,82";"2,81";"09_re_she"
"15";"P2";"9604";"1057";"352";"1404";"281";"2,95";"2,68";"-"
"16";"P2";"10003";"399";"963";"327";"354";"2,86";"2,87";"-"
"17";"P2";"10989";"986";"2231";"573";"368";"2,89";"2,86";"11_re_everyone"
"18";"P2";"13243";"2254";"986";"812";"389";"3,45";"3,32";"-"
"19";"P2";"14253";"1010";"845";"1258";"369";"3,21";"3,1";"13_re_when"
"20";"P2";"15145";"892";"1198";"391";"430";"3,11";"3";"14_re_at"
"21";"P2";"16366";"1221";"1738";"680";"467";"2,97";"2,97";"19_re_support"
"22";"P2";"18128";"1761";"822";"903";"460";"3,29";"3,03";"-"
"23";"P2";"18973";"845";"1033";"1299";"438";"3,1";"2,92";"-"
"24";"P2";"20053";"1080";"798";"365";"488";"2,95";"2,95";"-"
"25";"P2";"20875";"822";"1080";"623";"507";"2,71";"2,76";"19_re_support"
"26";"P2";"21979";"1104";"399";"902";"525";"2,95";"2,86";"-"
"27";"P2";"22401";"423";"1057";"1200";"520";"3,16";"2,89";"-"
"28";"P2";"23505";"1104";"423";"267";"573";"2,97";"2,94";"-"
"29";"P2";"23951";"446";"493";"464";"632";"2,58";"2,79";"-"
"30";"P2";"24468";"517";"540";"670";"586";"2,92";"2,86";"-"
"31";"P2";"25031";"564";"540";"1101";"586";"3,02";"2,95";"-"
"32";"P2";"25595";"564";"329";"1363";"574";"2,97";"2,9";"24_re_with"
"33";"P2";"25970";"376";"1057";"357";"653";"2,97";"3,02";"25_re_hand"
"34";"P2";"27050";"1080";"1221";"730";"666";"2,92";"2,97";"-"
"35";"P2";"28295";"1245";"1315";"1070";"660";"3,03";"2,9";"-"
"36";"P2";"29633";"1338";"1080";"1332";"650";"3,03";"3";"-"
"37";"P2";"30761";"1127";"704";"350";"711";"2,94";"3";"-"
"38";"P2";"31488";"728";"1033";"730";"722";"2,89";"2,82";"-"
"39";"P2";"32545";"1057";"963";"1152";"732";"3,24";"3,11";"-"
"40";"P2";"33531";"986";"258";"1250";"714";"3,14";"2,98";"31_re_had"
"41";"P2";"33813";"282";"188";"447";"781";"3,03";"3,1";"32_re_her"
"42";"P2";"34024";"211";"798";"390";"787";"3,14";"2,87";"32_re_her"
"43";"P2";"34846";"822";"681";"613";"783";"2,95";"2,87";"-"
"44";"P2";"35551";"704";"258";"665";"299";"2,95";"2,89";"-"
"45";"P2";"35832";"282";"376";"449";"120";"2,98";"2,84";"-"
"46";"P2";"36232";"399";"117";"231";"92";"2,9";"2,76";"01_re_battered"
"47";"P2";"36373";"141";"540";"824";"150";"2,97";"3";"-"
"48";"P2";"36936";"564";"211";"1206";"134";"3,16";"2,94";"03_re_had"
"49";"P2";"37194";"258";"470";"352";"228";"3,18";"3,24";"-"
"50";"P2";"37688";"493";"164";"717";"246";"3,34";"3,3";"-"
"1";"P3";"0";"0";"517";"510";"168";"2,68";"2,84";"-"
"2";"P3";"540";"540";"1221";"348";"113";"2,63";"2,73";"01_re_battered"
"3";"P3";"1785";"1245";"657";"687";"107";"2,47";"2,57";"02_re_the"
"4";"P3";"2466";"681";"1479";"1066";"96";"2,34";"2,57";"-"
"5";"P3";"3968";"1503";"798";"1417";"75";"2,39";"2,63";"-"
"6";"P3";"4837";"869";"1010";"323";"213";"2,36";"2,71";"-"
"7";"P3";"5870";"1033";"869";"620";"182";"2,36";"2,57";"05_re_to"
"8";"P3";"6763";"892";"822";"928";"180";"2,41";"2,47";"06_re_destination"
"9";"P3";"7608";"845";"1057";"1333";"169";"2,45";"2,52";"-"
"10";"P3";"8712";"1104";"1057";"370";"250";"2,5";"2,65";"-"
"11";"P3";"9792";"1080";"986";"696";"253";"2,34";"2,66";"-"
"12";"P3";"10801";"1010";"1198";"1082";"265";"2,52";"2,49";"-"
"13";"P3";"12022";"1221";"564";"1235";"255";"2,36";"2,36";"10_re_survivor"
"14";"P3";"12609";"587";"188";"1464";"258";"2,5";"2,55";"-"
"15";"P3";"12844";"235";"869";"402";"322";"2,29";"2,68";"-"
"16";"P3";"13737";"892";"798";"813";"327";"2,37";"2,55";"-"
"17";"P3";"14558";"822";"681";"1067";"324";"2,52";"2,5";"-"
"18";"P3";"15263";"704";"657";"1332";"315";"2,49";"2,45";"-"
"19";"P3";"15967";"704";"963";"391";"406";"2,49";"2,65";"14_re_at"
"20";"P3";"16954";"986";"704";"660";"430";"2,41";"2,55";"-"
"21";"P3";"17681";"728";"1033";"920";"410";"2,5";"2,58";"-"
"22";"P3";"18738";"1057";"1362";"1258";"403";"2,44";"2,52";"-"
"23";"P3";"20170";"1432";"986";"380";"467";"2,39";"2,6";"-"
"24";"P3";"21180";"1010";"869";"721";"477";"2,34";"2,44";"19_re_support"
"25";"P3";"22072";"892";"1291";"1150";"472";"2,5";"2,45";"-"
"26";"P3";"23387";"1315";"188";"552";"558";"2,57";"2,73";"22_re_withdrew"
"27";"P3";"23599";"211";"704";"362";"572";"2,37";"2,44";"-"
"28";"P3";"24327";"728";"1338";"606";"556";"2,23";"2,44";"22_re_withdrew"
"29";"P3";"25689";"1362";"1151";"1067";"541";"2,31";"2,5";"-"
"30";"P3";"26863";"1174";"1080";"1387";"553";"2,26";"2,47";"24_re_with"
"31";"P3";"27990";"1127";"892";"410";"626";"2,37";"2,39";"25_re_hand"
"32";"P3";"28906";"916";"1010";"807";"626";"2,29";"2,36";"-"
"33";"P3";"29939";"1033";"1268";"1210";"612";"2,25";"2,36";"-"
"34";"P3";"31230";"1291";"211";"1437";"613";"2,21";"2,34";"28_re_now"
"35";"P3";"31488";"258";"704";"391";"699";"2,2";"2,45";"-"
"36";"P3";"32216";"728";"704";"674";"706";"2,15";"2,41";"-"
"37";"P3";"32944";"728";"963";"752";"702";"2,1";"2,21";"-"
"38";"P3";"34001";"1057";"1597";"1154";"709";"2,09";"0";"-"
"39";"P3";"35621";"1620";"258";"1338";"715";"2,47";"2,49";"-"
"40";"P3";"35973";"352";"1010";"362";"764";"2,25";"2,45";"-"
"41";"P3";"37007";"1033";"1691";"687";"740";"2,21";"0";"-"
"42";"P3";"38721";"1714";"587";"845";"601";"2,33";"0";"-"
"43";"P3";"39331";"611";"164";"697";"410";"2,21";"2,39";"15_re_she"
"1";"P4";"0";"0";"399";"639";"171";"4,15";"4,15";"-"
"2";"P4";"423";"423";"1104";"377";"121";"4,14";"4,2";"01_re_battered"
"3";"P4";"1550";"1127";"258";"679";"143";"4,22";"4,11";"02_re_the"
"4";"P4";"1972";"423";"211";"510";"132";"4,06";"4,2";"-"
"5";"P4";"2207";"235";"657";"384";"130";"4,14";"4,15";"01_re_battered"
"6";"P4";"2888";"681";"681";"821";"149";"4,35";"4,24";"-"
"7";"P4";"3640";"751";"235";"1235";"431";"4,44";"4,2";"-"
"8";"P4";"3898";"258";"634";"1378";"122";"4,14";"4,19";"-"
"9";"P4";"4696";"798";"446";"250";"302";"4,2";"4,36";"-"
"10";"P4";"5166";"470";"1057";"515";"216";"4,22";"4,49";"-"
"11";"P4";"6246";"1080";"352";"865";"230";"4,36";"4,44";"-"
"12";"P4";"6763";"517";"446";"1112";"237";"4,36";"4,35";"-"
"13";"P4";"7232";"470";"211";"1328";"216";"4,25";"4,07";"-"
"14";"P4";"7467";"235";"164";"599";"267";"4,22";"4,19";"-"
"15";"P4";"7655";"188";"681";"354";"282";"4,03";"4,07";"-"
"16";"P4";"8359";"704";"775";"651";"288";"4,2";"4,07";"-"
"17";"P4";"9158";"798";"399";"991";"276";"4,07";"3,98";"09_re_she"
"18";"P4";"9580";"423";"211";"1263";"279";"4,06";"3,96";"10_re_survivor"
"19";"P4";"9933";"352";"305";"1166";"354";"4,09";"4,04";"-"
"20";"P4";"10261";"329";"235";"1368";"279";"4,36";"4,11";"10_re_survivor"
"21";"P4";"10684";"423";"329";"358";"402";"3,82";"4,07";"14_re_at"
"22";"P4";"11036";"352";"798";"621";"351";"3,98";"3,98";"11_re_everyone"
"23";"P4";"11858";"822";"657";"1027";"356";"4,11";"4,24";"-"
"24";"P4";"12539";"681";"329";"1341";"354";"4,03";"3,96";"13_re_when"
"25";"P4";"13009";"470";"141";"370";"473";"3,85";"3,98";"-"
"26";"P4";"13173";"164";"1104";"422";"404";"3,9";"4,04";"-"
"27";"P4";"14300";"1127";"1315";"921";"428";"4,17";"4,04";"-"
"28";"P4";"15732";"1432";"329";"1345";"472";"3,9";"3,75";"21_re_standing"
"29";"P4";"16132";"399";"892";"443";"470";"3,95";"3,95";"-"
"30";"P4";"17353";"1221";"399";"949";"558";"0";"3,72";"23_re_from"
"31";"P4";"17775";"423";"892";"1179";"493";"3,98";"3,93";"21_re_standing"
"32";"P4";"18691";"916";"188";"464";"545";"3,95";"3,93";"-"
"33";"P4";"18902";"211";"1362";"382";"562";"3,9";"3,85";"-"
"34";"P4";"20429";"1526";"423";"784";"622";"3,85";"3,98";"26_re_her"
"35";"P4";"20875";"446";"423";"1088";"557";"3,83";"3,83";"-"
"36";"P4";"21321";"446";"892";"1376";"538";"3,71";"3,58";"24_re_with"
"37";"P4";"22260";"939";"164";"477";"596";"3,72";"3,91";"-"
"38";"P4";"22448";"188";"681";"385";"618";"3,77";"3,82";"25_re_hand"
"39";"P4";"23153";"704";"986";"776";"635";"3,77";"3,72";"26_re_her"
"40";"P4";"24303";"1151";"258";"809";"660";"3,83";"3,85";"-"
"41";"P4";"24585";"282";"1104";"1023";"625";"3,96";"3,77";"-"
"42";"P4";"25712";"1127";"493";"1368";"615";"3,93";"3,8";"-"
"43";"P4";"26440";"728";"141";"345";"798";"3,64";"3,83";"-"
"44";"P4";"26604";"164";"1104";"387";"699";"3,91";"3,85";"-"
"45";"P4";"27731";"1127";"1221";"761";"704";"3,93";"3,9";"-"
"46";"P4";"28976";"1245";"845";"966";"702";"3,8";"3,79";"-"
"47";"P4";"29845";"869";"376";"1281";"787";"3,71";"3,58";"-"
"48";"P4";"30267";"423";"188";"602";"755";"3,69";"3,85";"-"
"49";"P4";"30479";"211";"939";"425";"773";"3,79";"3,83";"32_re_her"
"50";"P4";"31441";"963";"916";"622";"767";"3,88";"3,85";"-"
"51";"P4";"32381";"939";"282";"735";"282";"3,96";"3,85";"-"
"52";"P4";"32686";"305";"751";"625";"125";"3,98";"3,96";"-"
"1";"P5";"0";"0";"329";"567";"184";"3,11";"3,22";"-"
"2";"P5";"352";"352";"493";"333";"119";"3,19";"0";"01_re_battered"
"3";"P5";"869";"517";"188";"599";"144";"2,86";"2,95";"-"
"4";"P5";"1221";"352";"282";"950";"137";"2,92";"0";"-"
"5";"P5";"1526";"305";"352";"1350";"116";"2,94";"0";"-"
"6";"P5";"1925";"399";"117";"449";"174";"3,06";"0";"-"
"7";"P5";"2066";"141";"423";"331";"183";"2,87";"0";"-"
"8";"P5";"2513";"446";"376";"693";"203";"3,3";"3,32";"-"
"9";"P5";"3076";"564";"188";"963";"226";"2,81";"0";"06_re_destination"
"10";"P5";"3522";"446";"188";"1138";"613";"2,89";"0";"27_re_her"
"11";"P5";"3734";"211";"329";"1286";"222";"2,94";"0";"-"
"12";"P5";"4109";"376";"282";"283";"238";"3,02";"0";"-"
"13";"P5";"4532";"423";"117";"540";"320";"2,82";"0";"11_re_everyone"
"14";"P5";"4673";"141";"258";"739";"279";"2,87";"0";"-"
"15";"P5";"4955";"282";"399";"1165";"257";"2,89";"0";"-"
"16";"P5";"5377";"423";"258";"1366";"236";"2,9";"2,9";"-"
"17";"P5";"5682";"305";"587";"385";"323";"2,89";"0";"-"
"18";"P5";"6293";"611";"282";"779";"335";"3,03";"3,08";"-"
"19";"P5";"6739";"446";"211";"1088";"372";"2,69";"0";"-"
"20";"P5";"6974";"235";"329";"1274";"328";"2,78";"0";"13_re_when"
"21";"P5";"7326";"352";"117";"564";"421";"2,81";"0";"-"
"22";"P5";"7467";"141";"493";"320";"412";"2,84";"3,14";"14_re_at"
"23";"P5";"7984";"517";"493";"780";"418";"3";"3,1";"15_re_she"
"24";"P5";"8500";"517";"611";"1141";"417";"3,03";"3,13";"16_re_sword"
"25";"P5";"9134";"634";"258";"1417";"403";"3,05";"3,21";"17_re_ground"
"26";"P5";"9533";"399";"305";"258";"554";"2,9";"3,19";"-"
"27";"P5";"9862";"329";"235";"356";"455";"2,89";"0";"-"
"28";"P5";"10120";"258";"493";"611";"483";"2,92";"3,19";"19_re_support"
"29";"P5";"10637";"517";"634";"481";"481";"2,92";"3";"-"
"30";"P5";"11295";"657";"352";"863";"487";"3,06";"3,18";"-"
"31";"P5";"11811";"517";"117";"1207";"570";"2,84";"0";"-"
"32";"P5";"11952";"141";"611";"1234";"487";"2,9";"2,94";"21_re_standing"
"33";"P5";"12586";"634";"141";"492";"542";"2,95";"3,13";"22_re_withdrew"
"34";"P5";"12750";"164";"493";"340";"552";"2,82";"3,03";"-"
"35";"P5";"13267";"517";"517";"852";"550";"2,9";"3,02";"-"
"36";"P5";"13971";"704";"305";"1282";"552";"2,73";"2,97";"-"
"37";"P5";"14324";"352";"517";"327";"615";"2,74";"2,98";"25_re_hand"
"38";"P5";"14864";"540";"493";"718";"622";"2,9";"3,21";"-"
"39";"P5";"15380";"517";"164";"1083";"656";"2,94";"3,03";"-"
"40";"P5";"15803";"423";"164";"1284";"625";"2,84";"2,92";"-"
"41";"P5";"16226";"423";"164";"243";"766";"2,55";"2,84";"-"
"42";"P5";"16413";"188";"704";"561";"693";"2,79";"2,94";"29_re_tall"
"43";"P5";"17141";"728";"423";"996";"693";"2,92";"2,86";"-"
"44";"P5";"17588";"446";"117";"1260";"679";"2,89";"2,89";"31_re_had"
"45";"P5";"17728";"141";"117";"635";"727";"2,76";"2,98";"-"
"46";"P5";"17869";"141";"657";"410";"740";"2,58";"0";"32_re_her"
"47";"P5";"18550";"681";"188";"578";"764";"2,79";"2,98";"-"
"48";"P5";"18762";"211";"423";"220";"697";"2,65";"2,78";"-"
"49";"P5";"19208";"446";"164";"630";"209";"2,63";"2,95";"05_re_to"
"50";"P5";"19396";"188";"376";"1024";"189";"2,84";"2,79";"06_re_destination"
"51";"P5";"19795";"399";"282";"893";"306";"2,87";"3,05";"-"
"1";"P6";"0";"0";"117";"1093";"238";"0";"3,29";"-"
"2";"P6";"141";"141";"188";"610";"358";"0";"3,18";"11_re_everyone"
"3";"P6";"352";"211";"728";"335";"123";"0";"3,22";"01_re_battered"
"4";"P6";"1104";"751";"376";"760";"143";"0";"2,9";"-"
"5";"P6";"1503";"399";"470";"1119";"123";"0";"2,98";"03_re_had"
"6";"P6";"1996";"493";"446";"1433";"78";"0";"3,03";"-"
"7";"P6";"2489";"493";"798";"312";"199";"0";"3,06";"-"
"8";"P6";"3311";"822";"704";"643";"240";"0";"3";"-"
"9";"P6";"4039";"728";"1010";"838";"238";"0";"3,02";"-"
"10";"P6";"5072";"1033";"916";"1355";"154";"0";"3,03";"-"
"11";"P6";"6035";"963";"704";"296";"267";"0";"3,18";"-"
"12";"P6";"6763";"728";"681";"628";"309";"3,14";"3,03";"-"
"13";"P6";"7467";"704";"235";"992";"310";"3,4";"3,32";"-"
"14";"P6";"7725";"258";"634";"1145";"299";"3,38";"3,14";"-"
"15";"P6";"8383";"657";"164";"1464";"248";"3,42";"3,29";"-"
"16";"P6";"8594";"211";"258";"313";"382";"0";"3,42";"-"
"17";"P6";"8876";"282";"1057";"533";"380";"3,35";"3,4";"-"
"18";"P6";"9956";"1080";"376";"752";"392";"3,35";"3,08";"15_re_she"
"19";"P6";"10355";"399";"634";"1017";"379";"3,32";"3,22";"-"
"20";"P6";"11013";"657";"352";"1370";"316";"3,26";"3,03";"-"
"21";"P6";"11412";"399";"869";"353";"452";"0";"3,19";"-"
"22";"P6";"12304";"892";"916";"643";"464";"3,06";"3";"19_re_support"
"23";"P6";"13243";"939";"1761";"979";"465";"3,43";"3,24";"20_re_herself"
"24";"P6";"15028";"1785";"493";"1341";"420";"3,45";"3,14";"17_re_ground"
"25";"P6";"15568";"540";"141";"333";"544";"3,05";"3,1";"-"
"26";"P6";"15732";"164";"611";"320";"515";"3,02";"2,97";"-"
"27";"P6";"16366";"634";"751";"504";"536";"3,13";"2,86";"22_re_withdrew"
"28";"P6";"17141";"775";"540";"909";"518";"3,08";"2,92";"-"
"29";"P6";"17705";"564";"657";"1191";"503";"3,06";"2,86";"21_re_standing"
"30";"P6";"18409";"704";"376";"253";"603";"0";"2,92";"-"
"31";"P6";"18809";"399";"704";"536";"582";"2,97";"2,82";"22_re_withdrew"
"32";"P6";"19536";"728";"728";"1026";"574";"2,78";"2,63";"23_re_from"
"33";"P6";"20288";"751";"399";"1410";"545";"2,86";"2,63";"24_re_with"
"34";"P6";"20711";"423";"164";"418";"683";"0";"2,68";"-"
"35";"P6";"20898";"188";"399";"259";"660";"2,78";"2,76";"-"
"36";"P6";"21321";"423";"1315";"628";"649";"2,66";"2,81";"-"
"37";"P6";"22659";"1338";"2794";"965";"665";"2,95";"2,9";"-"
"38";"P6";"25477";"2818";"446";"1378";"623";"3,05";"2,92";"28_re_now"
"39";"P6";"25970";"493";"986";"303";"728";"2,9";"2,78";"-"
"40";"P6";"26980";"1010";"1479";"577";"731";"2,87";"2,68";"-"
"41";"P6";"28483";"1503";"211";"829";"731";"2,97";"2,79";"-"
"42";"P6";"28718";"235";"751";"1194";"713";"2,89";"2,71";"31_re_had"
"43";"P6";"29516";"798";"1855";"407";"804";"0";"2,95";"-"
"44";"P6";"31395";"1879";"798";"690";"795";"3,13";"2,87";"-"
"45";"P6";"32216";"822";"164";"861";"720";"3,26";"2,95";"30_re_as"
"46";"P6";"32404";"188";"188";"363";"157";"0";"2,98";"-"
"47";"P6";"32616";"211";"329";"396";"108";"0";"2,94";"-"
"48";"P6";"32968";"352";"611";"830";"170";"0";"2,97";"-"
"1";"P7";"0";"0";"188";"714";"169";"4,06";"3,99";"02_re_the"
"2";"P7";"211";"211";"869";"285";"105";"4,22";"4,07";"01_re_battered"
"3";"P7";"1104";"892";"751";"660";"102";"4,01";"3,88";"-"
"4";"P7";"1879";"775";"540";"1013";"109";"4,01";"3,95";"-"
"5";"P7";"2442";"564";"446";"1379";"104";"4,01";"3,8";"-"
"6";"P7";"2935";"493";"845";"337";"166";"4,09";"3,98";"-"
"7";"P7";"3804";"869";"423";"728";"179";"4,04";"3,85";"-"
"8";"P7";"4250";"446";"540";"900";"194";"4,01";"3,77";"06_re_destination"
"9";"P7";"4814";"564";"517";"1286";"158";"3,95";"3,69";"-"
"10";"P7";"5518";"704";"728";"308";"247";"3,75";"3,85";"-"
"11";"P7";"6270";"751";"1127";"629";"262";"3,95";"3,77";"-"
"12";"P7";"7420";"1151";"869";"1032";"274";"3,9";"3,67";"09_re_she"
"13";"P7";"8312";"892";"939";"1210";"253";"3,71";"3,58";"-"
"14";"P7";"9275";"963";"117";"1471";"248";"3,71";"3,56";"-"
"15";"P7";"9533";"258";"704";"322";"334";"3,55";"3,56";"-"
"16";"P7";"10261";"728";"798";"788";"333";"3,72";"3,56";"-"
"17";"P7";"11083";"822";"611";"1186";"343";"3,93";"3,72";"-"
"18";"P7";"11717";"634";"164";"1358";"360";"3,85";"3,69";"-"
"19";"P7";"11929";"211";"869";"353";"394";"3,79";"3,75";"14_re_at"
"20";"P7";"12821";"892";"1174";"516";"413";"3,75";"3,53";"-"
"21";"P7";"14018";"1198";"657";"880";"412";"3,61";"3,45";"-"
"22";"P7";"14699";"681";"892";"984";"414";"3,79";"3,59";"-"
"23";"P7";"15615";"916";"423";"1277";"417";"3,75";"3,58";"-"
"24";"P7";"16061";"446";"164";"399";"481";"3,88";"3,67";"18_re_it"
"25";"P7";"16249";"188";"704";"363";"482";"3,67";"3,42";"-"
"26";"P7";"16977";"728";"446";"613";"487";"3,61";"3,35";"19_re_support"
"27";"P7";"17447";"470";"493";"467";"553";"3,4";"3,21";"22_re_withdrew"
"28";"P7";"17963";"517";"564";"725";"471";"3,29";"3,16";"-"
"29";"P7";"18550";"587";"1010";"1140";"468";"3,34";"3,26";"-"
"30";"P7";"19630";"1080";"798";"375";"547";"3,56";"3,42";"-"
"31";"P7";"20452";"822";"916";"697";"561";"3,72";"3,71";"22_re_withdrew"
"32";"P7";"21391";"939";"611";"1086";"559";"3,55";"3,35";"-"
"33";"P7";"22025";"634";"399";"1406";"548";"3,43";"3,26";"24_re_with"
"34";"P7";"22472";"446";"798";"322";"624";"3,64";"3,51";"25_re_hand"
"35";"P7";"23293";"822";"681";"682";"628";"3,72";"3,56";"-"
"36";"P7";"23998";"704";"751";"1067";"626";"3,67";"3,67";"-"
"37";"P7";"24773";"775";"399";"1381";"623";"3,72";"3,55";"28_re_now"
"38";"P7";"25242";"470";"399";"223";"781";"3,29";"3,37";"-"
"39";"P7";"25665";"423";"517";"425";"701";"3,67";"3,32";"-"
"40";"P7";"26205";"540";"1291";"745";"702";"3,61";"3,51";"-"
"41";"P7";"27520";"1315";"564";"1138";"715";"3,85";"3,56";"-"
"42";"P7";"28107";"587";"164";"1365";"701";"3,72";"3,63";"-"
"43";"P7";"28318";"211";"1033";"384";"783";"3,64";"3,72";"32_re_her"
"44";"P7";"29375";"1057";"869";"606";"819";"3,91";"3,74";"-"
"1";"P8";"0";"0";"305";"589";"230";"2,78";"2,68";"05_re_to"
"2";"P8";"329";"329";"916";"330";"128";"2,95";"2,9";"01_re_battered"
"3";"P8";"1268";"939";"423";"756";"176";"2,97";"2,86";"-"
"4";"P8";"1714";"446";"540";"1168";"166";"3,18";"2,97";"03_re_had"
"5";"P8";"2278";"564";"329";"1415";"125";"3,08";"2,95";"-"
"6";"P8";"2653";"376";"845";"336";"226";"3,16";"2,94";"-"
"7";"P8";"3522";"869";"1385";"797";"262";"3,16";"3,05";"-"
"8";"P8";"5002";"1479";"376";"962";"234";"0";"2,81";"06_re_destination"
"9";"P8";"5401";"399";"446";"1328";"220";"3,06";"2,78";"-"
"10";"P8";"5894";"493";"681";"313";"269";"3,08";"3,03";"-"
"11";"P8";"6598";"704";"188";"361";"364";"0";"2,87";"-"
"12";"P8";"6810";"211";"798";"659";"303";"3,08";"2,95";"-"
"13";"P8";"7631";"822";"681";"1194";"294";"3,08";"2,9";"-"
"14";"P8";"8336";"704";"211";"1423";"261";"2,95";"2,69";"-"
"15";"P8";"8594";"258";"1080";"341";"339";"2,81";"2,66";"-"
"16";"P8";"9698";"1104";"892";"734";"356";"3,03";"2,82";"-"
"17";"P8";"10614";"916";"587";"1180";"353";"2,78";"2,58";"-"
"18";"P8";"11224";"611";"141";"1443";"342";"2,81";"2,61";"-"
"19";"P8";"11435";"211";"704";"317";"427";"2,76";"2,66";"-"
"20";"P8";"12163";"728";"916";"685";"433";"3,05";"2,74";"-"
"21";"P8";"13103";"939";"751";"1008";"434";"3,03";"2,9";"-"
"22";"P8";"13877";"775";"540";"1264";"419";"3,05";"2,82";"-"
"23";"P8";"14535";"657";"798";"351";"499";"2,79";"2,73";"-"
"24";"P8";"15357";"822";"1057";"717";"510";"3,1";"2,94";"-"
"25";"P8";"16484";"1127";"540";"906";"467";"2,82";"2,53";"-"
"26";"P8";"17047";"564";"517";"1251";"479";"2,68";"2,52";"21_re_standing"
"27";"P8";"17611";"564";"634";"379";"562";"2,69";"2,71";"-"
"28";"P8";"18268";"657";"1127";"691";"582";"2,9";"2,78";"-"
"29";"P8";"19419";"1151";"587";"1126";"570";"2,82";"2,73";"-"
"30";"P8";"20030";"611";"423";"1403";"550";"2,89";"2,74";"24_re_with"
"31";"P8";"20499";"470";"775";"366";"641";"2,65";"2,55";"25_re_hand"
"32";"P8";"21298";"798";"282";"551";"665";"0";"2,61";"-"
"33";"P8";"21626";"329";"564";"785";"645";"0";"2,37";"26_re_her"
"34";"P8";"22213";"587";"1174";"927";"653";"2,5";"2,42";"-"
"35";"P8";"23411";"1198";"916";"1273";"632";"2,82";"2,73";"-"
"36";"P8";"24350";"939";"164";"1379";"635";"2,94";"2,81";"28_re_now"
"37";"P8";"24561";"211";"845";"331";"727";"3,02";"2,97";"-"
"38";"P8";"25430";"869";"869";"648";"742";"3,03";"2,95";"-"
"39";"P8";"26769";"1338";"446";"1076";"669";"3,24";"2,84";"-"
"40";"P8";"27238";"470";"423";"1324";"688";"2,76";"2,63";"-"
"41";"P8";"27708";"470";"211";"368";"770";"2,78";"2,78";"32_re_her"
"42";"P8";"27943";"235";"1080";"389";"789";"2,84";"2,79";"32_re_her"
"43";"P8";"29046";"1104";"775";"616";"793";"2,89";"2,87";"-"
"1";"P9a";"0";"0";"141";"621";"178";"3,11";"2,86";"05_re_to"
"2";"P9a";"164";"164";"798";"346";"150";"3,16";"2,87";"01_re_battered"
"3";"P9a";"1080";"916";"188";"544";"223";"3,56";"3,14";"-"
"4";"P9a";"1291";"211";"728";"398";"158";"3,66";"3,18";"-"
"5";"P9a";"2043";"751";"470";"723";"140";"3,96";"3,4";"02_re_the"
"6";"P9a";"2677";"634";"188";"1080";"192";"3,67";"3,16";"06_re_destination"
"7";"P9a";"2888";"211";"493";"1346";"128";"3,79";"3,21";"-"
"8";"P9a";"3546";"657";"117";"289";"313";"3,55";"3,34";"-"
"9";"P9a";"3687";"141";"751";"317";"221";"3,66";"3,38";"-"
"10";"P9a";"4461";"775";"446";"639";"228";"3,69";"3,19";"-"
"11";"P9a";"5048";"587";"352";"934";"245";"3,55";"3,08";"-"
"12";"P9a";"5424";"376";"681";"1299";"221";"3,74";"3,3";"-"
"13";"P9a";"6270";"845";"728";"295";"342";"3,5";"3,3";"-"
"14";"P9a";"7021";"751";"141";"516";"328";"3,72";"3,26";"11_re_everyone"
"15";"P9a";"7279";"258";"235";"680";"437";"3,64";"3,11";"-"
"16";"P9a";"7678";"399";"258";"1042";"387";"3,59";"3,05";"-"
"17";"P9a";"7960";"282";"704";"1335";"299";"3,66";"3,11";"10_re_survivor"
"18";"P9a";"8829";"869";"728";"363";"402";"3,45";"3,13";"14_re_at"
"19";"P9a";"9580";"751";"681";"792";"372";"3,5";"3,06";"-"
"20";"P9a";"10285";"704";"728";"1242";"363";"3,42";"3,08";"13_re_when"
"21";"P9a";"11036";"751";"117";"1445";"356";"3,67";"3,14";"-"
"22";"P9a";"11224";"188";"939";"407";"439";"3,77";"3,45";"-"
"23";"P9a";"12187";"963";"329";"817";"455";"3,74";"3,3";"-"
"24";"P9a";"12727";"540";"141";"1126";"473";"3,55";"3,08";"-"
"25";"P9a";"12891";"164";"352";"1374";"418";"3,66";"3,08";"17_re_ground"
"26";"P9a";"13408";"517";"775";"288";"507";"3,34";"3,08";"-"
"27";"P9a";"14206";"798";"939";"590";"501";"3,63";"3,19";"19_re_support"
"28";"P9a";"15169";"963";"470";"933";"507";"3,51";"3,08";"-"
"29";"P9a";"15662";"493";"282";"1255";"491";"3,51";"2,97";"21_re_standing"
"30";"P9a";"16108";"446";"305";"292";"669";"0";"3,03";"-"
"31";"P9a";"16437";"329";"587";"483";"557";"3,46";"3,27";"22_re_withdrew"
"32";"P9a";"17047";"611";"845";"914";"576";"3,53";"3,13";"-"
"33";"P9a";"17916";"869";"446";"1276";"586";"3,53";"3,13";"-"
"34";"P9a";"18527";"611";"164";"1490";"604";"4,84";"2,89";"-"
"35";"P9a";"18856";"329";"681";"342";"641";"3,5";"3,08";"25_re_hand"
"36";"P9a";"19560";"704";"540";"701";"628";"3,34";"3,02";"-"
"37";"P9a";"20123";"564";"634";"1242";"635";"3,46";"2,98";"-"
"38";"P9a";"21016";"892";"611";"309";"674";"3,38";"2,97";"-"
"39";"P9a";"21791";"775";"399";"667";"695";"3,55";"0";"-"
"40";"P9a";"22213";"423";"399";"1088";"706";"3,63";"3,06";"-"
"41";"P9a";"22636";"423";"141";"1273";"722";"3,4";"3";"-"
"42";"P9a";"22965";"329";"117";"519";"805";"0";"3,03";"-"
"43";"P9a";"23106";"141";"564";"361";"729";"3,42";"3,16";"-"
"44";"P9a";"23693";"587";"141";"690";"741";"3,4";"3,16";"-"
"1";"P10";"141";"0";"188";"616";"329";"3";"3,21";"11_re_everyone"
"2";"P10";"352";"211";"540";"356";"128";"3,03";"3,29";"01_re_battered"
"3";"P10";"916";"564";"728";"649";"150";"2,94";"2,9";"-"
"4";"P10";"1667";"751";"211";"319";"141";"3";"3,24";"01_re_battered"
"5";"P10";"1902";"235";"493";"744";"143";"3,1";"3,21";"02_re_the"
"6";"P10";"2419";"517";"751";"1188";"115";"2,97";"3,08";"03_re_had"
"7";"P10";"3193";"775";"329";"1417";"116";"3,05";"2,97";"-"
"8";"P10";"3640";"446";"798";"376";"221";"2,81";"3,34";"-"
"9";"P10";"4461";"822";"681";"808";"219";"3,18";"3,3";"-"
"10";"P10";"5166";"704";"892";"1196";"207";"2,97";"3,1";"-"
"11";"P10";"6082";"916";"305";"1409";"197";"3,21";"3,27";"07_re_been"
"12";"P10";"6434";"352";"986";"376";"283";"3,27";"3,48";"-"
"13";"P10";"7444";"1010";"869";"720";"275";"2,86";"2,92";"-"
"14";"P10";"8336";"892";"470";"1113";"279";"3,05";"3,05";"-"
"15";"P10";"8829";"493";"423";"1381";"255";"3,13";"3,16";"10_re_survivor"
"16";"P10";"9299";"470";"211";"378";"314";"3,06";"3,22";"-"
"17";"P10";"9533";"235";"564";"416";"351";"2,87";"3,19";"11_re_everyone"
"18";"P10";"10120";"587";"1902";"851";"352";"2,94";"3,06";"-"
"19";"P10";"12046";"1925";"517";"1144";"335";"2,94";"3,03";"-"
"20";"P10";"12586";"540";"188";"1364";"343";"2,84";"2,94";"-"
"21";"P10";"12821";"235";"657";"399";"416";"3,08";"3,06";"14_re_at"
"22";"P10";"13596";"775";"634";"659";"462";"2,69";"3";"19_re_support"
"23";"P10";"14253";"657";"728";"1040";"431";"2,86";"3,02";"16_re_sword"
"24";"P10";"15005";"751";"282";"1334";"413";"3";"2,92";"17_re_ground"
"25";"P10";"15333";"329";"704";"473";"487";"2,82";"3,13";"-"
"26";"P10";"16061";"728";"305";"803";"502";"2,98";"3";"-"
"27";"P10";"16390";"329";"423";"1192";"495";"2,86";"3,02";"21_re_standing"
"28";"P10";"16860";"470";"611";"351";"574";"2,92";"3,14";"-"
"29";"P10";"17494";"634";"681";"802";"582";"2,92";"2,92";"-"
"30";"P10";"18198";"704";"634";"1327";"559";"2,9";"2,9";"24_re_with"
"31";"P10";"18902";"704";"564";"343";"636";"2,79";"2,97";"25_re_hand"
"32";"P10";"19489";"587";"493";"744";"656";"2,86";"2,84";"26_re_her"
"33";"P10";"20006";"517";"986";"1102";"653";"2,79";"2,78";"27_re_her"
"34";"P10";"21016";"1010";"634";"1379";"650";"2,76";"2,9";"-"
"35";"P10";"21673";"657";"446";"959";"669";"2,9";"2,95";"-"
"36";"P10";"22143";"470";"587";"1401";"637";"2,95";"2,87";"28_re_now"
"37";"P10";"22777";"634";"963";"412";"715";"2,9";"3";"-"
"38";"P10";"23763";"986";"822";"595";"726";"2,74";"2,86";"-"
"39";"P10";"24608";"845";"916";"992";"722";"2,79";"2,89";"-"
"40";"P10";"25548";"939";"329";"1304";"717";"2,82";"2,97";"-"
"41";"P10";"25923";"376";"1644";"444";"786";"2,94";"0";"32_re_her"
"42";"P10";"27591";"1667";"587";"706";"680";"2,92";"2,87";"-"
